centre,abscisse,ordonnee
0,-9.448171698310462,9.917251158236327
0,-8.001402022806136,8.05362966150686
0,-4.742112751112482,6.520999894046386
0,-6.686829041780871,5.360643298377461
0,-6.39779656904309,-3.473153103575785
0,-9.288331852319502,1.5126982912434173
0,-7.997194922266459,-8.931410532699404
0,-9.887230904491133,-3.9691603465673873
0,-7.54732058460455,-1.8340076534287137
0,-7.0185272696531795,8.120169374045155
0,-8.026039150732792,0.383904750318045
0,-4.696243671157498,-5.915217198242475
0,-8.198096554486856,-6.839977244226976
0,-8.198697446615235,-4.9409636244110295
0,-9.482022310398836,1.3057006024078144
0,-7.475212024346649,-2.2304347822529653
0,-7.831546118953421,4.654374689999635
0,-4.926789644513991,-9.071843790017684
0,-4.8749117237471085,6.771640424661727
0,-5.682523794027519,-7.925891858760244
0,-4.60670960663514,-6.45990085863649
0,-10.0,0.8776879535430938
0,-8.363945157392903,-3.572397001934647
0,-8.334501009956611,4.103407829787182
0,-6.826839779926023,-0.5688325194194759
0,-5.090435844129499,-1.9375248424344536
0,-6.998296820351607,0.404453795068989
0,-9.704756397954444,1.5074530611208472
0,-6.807610914738429,5.548999153897175
0,-8.24476711272354,3.3362744937659587
0,-8.621732029133131,6.541705771503925
0,-9.662893713780063,-6.354029589691405
0,-5.579168093092565,0.9807186444442672
0,-7.47521282907309,6.760858855818843
0,-8.605908294891169,2.2331520866833183
0,-7.529693873590269,-5.777639448905301
0,-5.9529287112314035,6.676062923419148
0,-9.526088572186412,-1.6553795007259884
0,-8.406008860609889,-2.4324701275458867
0,-4.187280151801457,-9.027400720749691
0,-5.814120025344628,8.451937573959459
0,-8.480720445896518,5.318124454663967
0,-4.296044227045952,0.377776129078183
0,-8.355131986601139,4.574215893745803
0,-8.556233063655142,8.13776124392593
0,-4.40821188199209,7.822122672630549
0,-7.89924844801939,1.1546460109989283
0,-5.14531751223454,8.318361446425195
0,-8.114171096423428,9.307870049870711
0,-5.948923485902327,4.464012220417146
0,-9.709364144702974,-8.546780119058129
0,-9.240260403205378,-6.517426083625397
0,-5.794291183156035,-3.3918441417317102
0,-7.352427927277543,7.357889205487371
0,-4.928992553348508,-9.135106701911003
0,-9.062993445411639,6.444710850712438
0,-6.956233839827396,6.242043766812739
0,-5.24927309104612,0.8611529952566719
0,-8.958236441373382,8.248782887838136
0,-4.8592882864862155,-0.3137148787890072
0,-7.903254251691899,-2.1742508714153126
0,-9.751026457922768,7.672143038793332
0,-9.608812449074978,4.39055884527073
0,-4.687831766747274,-7.123061884310504
0,-9.550925264194955,-8.65226716962388
0,-7.835352510948692,7.01565299985998
0,-5.507861867497295,9.616223146972452
0,-5.377065277684695,-4.106006104156737
0,-9.599998877279738,-0.1784264570638726
0,-6.514170592746512,3.6941364862804003
0,-7.844566314592639,-9.630519811360783
0,-9.25247887509961,-6.488520640687507
0,-4.761141886642016,4.645722697864893
0,-8.949623591637343,9.877403344496283
0,-6.167250689445801,-1.2975750697679687
0,-8.310665567642184,-8.519616296795515
0,-5.323785826815457,-5.7076319843713526
0,-7.024736474449558,-1.3659538492755867
0,-7.327990909496552,-7.453575504991243
0,-4.478718339683439,-3.599388423048332
0,-4.185277310163527,5.873166288559422
0,-4.749924375195787,7.777035225154301
0,-4.362743465638047,7.476842983572408
0,-9.18737977470293,6.9477035735104735
0,-5.5160732722107175,8.42844708875467
0,-4.451076347497627,0.578956866928458
0,-9.137306114135344,-8.455328653385125
0,-6.8524776955668685,7.99292667081031
0,-4.325487241470731,-5.478009982213495
0,-8.564045983571383,6.339218345449119
0,-7.119879314587242,-6.6495681594679885
0,-7.514471114714007,-7.9783301863756355
0,-5.927290731925184,9.375025058363361
0,-9.16214240896568,-0.5925516362593641
0,-8.16384502080215,-9.699752393868255
0,-5.027941839000078,3.114929973544235
0,-5.202202926082949,2.9352193740736987
0,-6.745718179004976,-2.3073864686212047
0,-6.45768582529154,-6.607457479997943
0,-5.025538350866852,-9.611225018643232
0,-6.967050196283255,-4.09969722924629
0,-7.444566230316098,-3.0583716137240793
0,-6.022834415131192,-8.000565386539483
0,-6.551626983804352,5.621327281854682
0,-5.23344943247926,5.450889231475881
0,-6.0711056312402425,-4.365709855076659
0,-4.783374409320757,7.863586585917243
0,-8.518577858961047,-3.6974146329113933
0,-4.7024537865981975,7.44421080146047
0,-7.547720895479039,-3.4100579953401056
0,-8.99529303798488,-2.9925022491567863
0,-5.644065138514255,-6.3448165927004085
0,-4.944015511314536,1.8204155280295622
0,-8.561842155062905,7.189799025655307
0,-8.102151912335879,9.626750258852697
0,-4.649173654680794,5.511017667814896
0,-6.910364847412116,-3.582961126411098
0,-5.59999978305414,-9.702594669753655
0,-4.900751247438551,3.8415269562855525
0,-7.739208762666717,-0.5573348476743782
0,-4.608712014127133,1.8734293555448494
0,-7.025537917918124,-1.2363501228988636
0,-7.247871103478771,-6.574635825366623
0,-6.952428046970403,-3.458544809839269
0,-8.507160302937494,-1.924682473371964
0,-4.4574865323328545,-9.08754630386923
0,-9.285126905456654,6.083767376033859
0,-9.92648980580402,-1.712883581961376
0,-8.71787640603122,-5.989923028572262
0,-6.286429126010517,-8.228439229426993
0,-8.77235717823227,6.75373034293677
0,-9.150325528981755,-1.7927872818898163
0,-7.397095079088493,-4.377729638607133
0,-6.547420118750187,-8.172386017852242
0,-6.664997027451654,-8.82283593619368
0,-6.627341139013458,2.360693031922321
0,-4.863294385740274,7.1642173958700495
0,-7.706358798056388,8.747597339988168
0,-5.157736482131342,4.998627641485423
0,-8.960840766631504,2.1456828137030035
0,-8.047070483939711,0.5197367046502602
0,-6.5916864104324535,2.68414147533254
0,-5.892438177220474,-6.4727560084188696
0,-7.482423697726737,2.2488585208002467
0,-8.53299840663262,-0.8961670699379366
0,-7.655882864587629,-1.5786306271981212
0,-9.950725489605718,-6.94134167992785
0,-5.010113967152746,6.629850527099635
0,-9.014921708981458,5.7960439857435935
0,-8.462293101964846,-7.570628131629226
0,-4.74932288648506,4.344629532806297
0,-4.23695477829005,1.9620046568128828
0,-7.805306941146968,-7.070514153540588
0,-4.791185787535206,6.183337571931589
0,-8.656584483625142,-2.4899899003843973
0,-4.44907386530771,-4.480101126377627
0,-5.031747041548829,2.4849782372012217
0,-8.26800108660933,4.735631319768437
0,-6.349923727531336,6.0470883318874
0,-5.599799233693588,-5.264037160597776
0,-4.386779540887767,-9.373585518009502
0,-9.291135820605557,0.3545559007044315
0,-8.685226720715692,-2.9789791198522337
0,-4.630745245611836,3.5229674282001535
0,-9.16494699254539,-2.5953995930487013
0,-8.057485556476438,-8.752363388007211
0,-9.308362676863304,-7.78405937959299
0,-8.397194631288102,1.687940796077829
0,-8.199298552449216,-9.605924798030875
0,-8.818626969683267,7.2365429574748665
0,-7.1288935248016,-9.161832359680078
0,-7.977967154264151,-6.788921443811629
0,-9.173759464250445,-6.78593074410993
0,-8.049073465913864,3.1077874429216377
0,-8.705257269692142,-6.14315404708465
0,-8.88272352886878,7.610943369135196
0,-7.902653181550933,4.751914140144826
0,-5.766649549019576,-2.8501579042893073
0,-6.624936677509774,3.9925534967826763
0,-5.399699396718583,-2.891428561736422
0,-4.474711720750842,2.3378611041716066
0,-8.940810605966277,-9.5334697280921
0,-7.388681759122266,3.968852222863689
0,-5.174361110718603,8.097122345066563
0,-5.276112970976635,7.9618304399508
0,-8.458286867453252,9.004437794098154
0,-6.899349038738919,-2.14158510625459
0,-8.659989534711343,2.782574011859954
0,-4.580670565078545,8.728864842518515
0,-4.9141703838930795,-5.759009296976638
0,-7.5955924534369395,9.00204829901749
0,-8.251376462216307,2.7383108287169904
0,-8.62313438785908,0.6885059811421778
0,-8.551426443522553,6.196308255320089
0,-6.188482009105856,8.586043774054543
0,-4.259188463133422,1.2393916597087948
0,-6.0847260272450585,-4.5890985282086
0,-9.258086357372767,5.976779876321458
0,-9.959738310014082,8.973817022466239
0,-8.079518538043253,0.2926023560289715
0,-9.434952477396722,-9.197755386258455
0,-4.316874957655317,-4.030115073766193
0,-9.984576217092183,-7.824754463564278
0,-5.521481327731295,9.423506014670025
0,-6.888932353001032,-3.0015173978196215
0,-9.270905851605601,1.852152149076345
0,-6.275813437479144,-7.897072005085722
0,-7.5060585406447595,-6.4711736014974095
0,-8.809413478737547,3.6404508660927823
0,-4.657185125696917,8.555938238130404
0,-9.557935584826852,2.9641303467294087
0,-9.5617419166959,7.406908489119401
0,-9.413519738325865,-3.735945930127794
0,-6.319278313915027,-8.466484770176843
0,-6.866298627189269,5.175066585790721
0,-7.1667494875424715,0.9220269423825228
0,-9.984776522846447,-5.365085768901641
0,-8.930995717671877,-3.27837932260337
0,-5.303154321652489,4.433455378980646
0,-4.2085123403424785,-7.555956427194624
0,-4.459689235969975,-7.196506392450774
0,-6.494942048756587,-5.006646657854573
0,-7.098847694248994,-2.5673906148500625
0,-5.735402573651892,5.294917840641986
0,-4.316474211937507,-4.0589907173735895
0,-7.264696316104015,5.7930102604354845
0,-5.922684207209774,-2.686965838069183
0,-4.343715239682903,-0.9206033350255339
0,-5.835552778746093,-3.4653854030893694
0,-6.262793755592035,2.163600199485956
0,-7.722983842627001,-3.1530908651285983
0,-4.848872857137521,-6.370767728295241
0,-7.762843352298088,-2.4201620061865263
0,-7.155331889226817,7.189317170934507
0,-5.086028492423994,-2.5619167108218557
0,-4.432848248832593,-1.3176692986809329
0,-8.148622249921136,1.8984636421693584
0,-8.19929791105295,-9.768522235704495
0,-4.323685270329777,-2.5099128808665863
0,-8.262993998781692,2.0611230775831992
0,-5.219829438293706,-1.5507381931882593
0,-6.586680166512027,-0.11522804246313229
0,-5.5863787654040395,8.816432313117108
0,-6.130394725334537,-1.7469296449159555
0,-8.760740226713654,-7.016061749388975
0,-6.681421829414638,-5.978788346056286
0,-9.502653175690568,0.4732502099985941
0,-9.118477548981955,8.128352033981454
0,-7.172558147068554,4.388439941509217
0,-7.005307391968044,-4.562086461636196
0,-7.748622722106401,2.5308800610127986
0,-9.73339877766282,6.953679608144329
0,-4.45007464960523,-5.940246373119136
0,-6.029042992144703,-3.1585120719951782
0,-7.022933163808338,5.180394944867462
0,-4.64917382190192,-6.037868935287379
0,-7.88803125843948,-4.027101898329903
0,-8.916774610212151,0.5398846617373998
0,-9.06820216196789,5.056334541669774
0,-6.412417623030471,-3.374458323646963
0,-9.697545588011275,-0.9602819190736133
0,-4.203905939678463,2.4552205002324565
0,-4.470704929625701,5.751661225314458
0,-4.4520781795461595,0.866040975641898
0,-7.487430375289895,8.576872538898378
0,-4.344916315369524,5.87509370407928
0,-7.757235300035108,9.013018247442258
0,-6.9960936677537315,-8.639968813641609
0,-6.181071260660741,-4.203999247514456
0,-6.676613801936239,-0.3146808895344943
0,-4.523184820154161,7.520625012435506
0,-5.176163964489896,-6.690975253770759
0,-8.297445358962335,9.768812941222633
0,-5.375862824732102,-1.8974343097989697
0,-8.41241805237151,2.725106156178286
0,-4.831847211008103,-2.895747915249481
0,-5.646068972086879,8.17750492871566
0,-4.862893875780478,-5.848984788021542
0,-7.778668145547195,-2.504639364701363
0,-6.341711876841212,-2.4144174878249616
0,-4.702854503644186,-2.9264740346843876
0,-4.425837701233486,2.666808381102167
0,-8.814220602220304,0.9304066514338607
0,-7.212017453073507,-4.563864828164307
0,-8.998497754083042,5.250568136201965
0,-7.642664003628384,7.349906133674091
0,-6.3058586832034536,-5.881309947384302
0,-7.6084120920733245,7.026578763075305
0,-7.461390836951745,4.184584581551356
0,-7.280520112957402,-6.570543508690775
0,-9.496243586728,6.597637231584838
0,-4.743114264779105,-9.061239912225876
1,-3.8377562325057184,8.401862122177828
1,-2.698648267314723,-2.4990522180269887
1,-3.495843181412673,-2.0130626371064113
1,-0.6603910365042616,-8.604853616766192
1,-0.7569349445973916,-2.296287063538933
1,-1.213620181055403,2.5383025286629213
1,1.865598758190427,5.242263163044744
1,1.8639962897198359,-2.2925763672560993
1,-0.5311959977282351,4.386424434623444
1,-2.912568307617702,3.5919064908681237
1,-0.6796190450438563,-0.21735130390993965
1,-2.3933899611244596,1.9531700179750786
1,-3.5357037610896707,-2.5047746336198045
1,-0.948021538769016,-9.304295763331007
1,-2.7801702533554495,-7.187029704861509
1,-0.5091638406685585,9.70046032847437
1,-0.9269902717334579,-8.3222568782074
1,0.32568870500988906,2.3510378258657645
1,2.2069100325512205,-5.170696012557659
1,-0.14041024603360272,0.08020076129933618
1,-1.266700164926324,9.621654567302611
1,0.5035556085654346,5.283195804145127
1,0.44486822936361814,2.861092609859272
1,1.3273913460150253,-6.567384394232048
1,-2.2850273427787466,-4.32076931447282
1,-2.357937173777438,-3.2025536233162457
1,2.397396954194521,3.9602444392319796
1,-1.8121178736093653,9.521645429095804
1,1.2370560922958875,4.423646326198108
1,-2.2403596166233677,8.892605709722943
1,-0.43224801519258527,-1.8073800864029603
1,-1.3674504281381454,7.825164120224046
1,1.1851776480204255,-5.488832575701856
1,-1.1995987269486823,3.507201223423979
1,-0.24456615609983573,9.191026828652316
1,-2.3172756123111755,4.235845405645237
1,2.438858712048431,8.650713323341893
1,-3.756635054001888,8.314817542115916
1,-3.7742611994569453,6.761605482898607
1,2.215924015735774,3.121127631790923
1,-0.1346016623077286,0.8302478786697477
1,-3.946118685308172,-0.9023593159540599
1,-3.368652323146216,3.76614674451385
1,1.509464217669723,6.244957954276438
1,0.07471285363849269,-6.806592485922362
1,-3.513870265303274,8.28728455394191
1,-0.07511239922895717,-2.4601754831514318
1,-2.2704053214197035,-4.841535632904602
1,2.3799700910185773,-2.26270320059429
1,-2.393189370676349,-2.599176647733171
1,-2.3475213673496844,7.607151688953912
1,-1.383475039061786,-2.2490308389723226
1,-3.108462702260969,8.895553767130746
1,0.22473704697759836,0.7805597675798642
1,-0.4849268954446802,-6.79921610215177
1,-0.5009505500078958,0.8051994434681229
1,1.1294951195283927,2.7421253134277155
1,-2.0282421735177,-9.624546969301303
1,-3.1777663560547493,1.3435575137499598
1,-1.267501333722623,0.9205188653996113
1,1.4463693541973581,-5.459826166745032
1,-0.606910148134126,0.26271983451695646
1,-3.430544992177426,7.222970797331358
1,-2.173660410685205,-0.9002763459747598
1,-4.160440154972073,-1.0750407530112764
1,-0.6850275755804587,7.895175731143428
1,1.951126306561516,-2.647548193465585
1,-1.6983465060848921,8.463779271585201
1,-1.0760133149315174,-5.258639116042957
1,1.3153730067352425,-8.911045639154665
1,-1.9771661781904675,-8.588899766002479
1,-3.1701542815976906,-3.1154999887906145
1,1.7892837132201782,-1.9718468677907883
1,-3.306558710926053,5.036751331055393
1,-0.68462694225864,8.054452994594373
1,1.4037057500366317,-9.056819261133532
1,-2.976263727540139,4.365066922011469
1,1.4667999593860068,-5.437672052688106
1,-1.4341507543435894,4.656811170079567
1,1.9837765015951323,4.577292188956223
1,0.7937910623216572,3.8803347895824585
1,2.1123687603295807,8.790389847135216
1,-2.378366658807942,-5.898524147988144
1,0.3549328373988497,-8.61472455523283
1,2.4152225478088685,-6.335648942483399
1,-1.6346514381837305,9.85434454517235
1,-2.1097638318210845,1.3192759618548917
1,-1.3506255834891094,-7.741357608783982
1,-1.8625929980466107,-0.987711907198677
1,-0.4364542374836589,4.876556361252537
1,-1.8447668255676755,-8.759261821777935
1,-0.9299949247149312,-2.6069948951096644
1,2.3170760144289178,7.547345416793965
1,1.9513271965236807,-7.084007652547363
1,-0.42023027011315567,-8.505061561854786
1,-4.110165345865966,9.926557882385023
1,-3.152528779873233,-9.779684290270058
1,-0.36054070930678317,-4.543484993271952
1,-3.270304849317641,-0.6110446357814048
1,-2.960040298727472,-0.04174538884186693
1,-1.8421626777386457,9.267780604325205
1,-2.110565688960028,-7.793155414719353
1,-3.4754134561545156,-8.399652432561913
1,-3.6849271767978804,-8.085222757762569
1,2.4492735501154765,-0.3640683744479745
1,1.996996326337671,-5.696652652191096
1,-0.034250956302259716,-5.018020781959142
1,0.9257894412641264,-4.666783370219636
1,-3.3163741641028244,-8.543463689105328
1,-3.7592384549847533,0.45045651163263684
1,-0.3519274997081113,1.6678395333789615
1,-0.7863792919382844,-2.5488569116778943
1,1.0645972880530086,3.3749645001757607
1,-3.3672503163319973,-5.476161235929608
1,-1.2070098430784975,8.939729323558682
1,-0.2710062768197285,2.7445901777390196
1,-3.4503751527118047,-0.39663665443687357
1,1.651878529024291,1.683829641923701
1,0.3655485865544409,-9.738621529832297
1,-0.4142208800984212,0.7714503639671659
1,1.7784679082547101,7.698479924122808
1,1.9471201815682289,-9.57677823893739
1,0.6924388020648176,0.338192610316036
1,-3.7460180215282644,7.980336049365835
1,-3.7708554252906263,4.0144174891219935
1,-2.4062093005360423,7.466103876221804
1,-3.978166425276123,-2.184003023751864
1,-3.6666988957111735,8.831712497206125
1,-3.517074805308177,-5.831910413932317
1,-0.44847267687565845,-9.698538811789277
1,-3.7275912327211924,-8.876483184593305
1,-1.6074112715536666,10.0
1,-0.06369596587038266,-4.80695647423596
1,0.43525309760449166,3.8338364675977425
1,-1.7732594537557465,2.9685878892325355
1,-3.753229516279773,-1.7601711642303484
1,-0.8404606172451132,-2.729647978809802
1,0.5021529687492043,2.925032952945864
1,1.048372445830969,-9.153976294703607
1,-3.20701052539975,-0.6683669844269321
1,1.263494942037148,-5.66154741940341
1,0.5125694395856388,-7.455796928177165
1,-2.3705547917411502,6.150845590827964
1,-1.3462188763102831,4.005645275800348
1,-1.7758633498955787,0.906133794666824
1,0.2375569723535467,-8.430961541926546
1,-3.0834247102050387,-5.166924741524855
1,-3.221232091214462,0.6793242809697744
1,0.07651453474656356,-8.126671445682296
1,1.2837257710289594,-2.549678817067887
1,-1.4499746192454896,9.595512337368183
1,-1.0313467203580795,-7.674911520222799
1,2.0518775851089783,-1.0824857953493507
1,-2.527390877668266,5.231777867449905
1,-1.5571351573454764,6.874218007678136
1,1.6180278611408536,-2.510203703442688
1,2.2359547929962797,3.4452012800264007
1,1.6648980766537145,-6.07981642980748
1,-2.907561127881491,-8.689591283496648
1,-3.413720277949004,0.6549320451717056
1,0.09494286614474891,-0.341154779009615
1,-4.1336002881277105,8.286146008391801
1,-3.6757129348231423,-3.7064183199307164
1,1.1401103883431398,-9.454859069462545
1,2.2325487822277736,-3.806204047733717
1,-1.4836250808050562,-4.589807433656499
1,-1.1060586860279078,-1.4946963847495405
1,-2.4781161598285815,1.2813843008742145
1,2.0837258915667642,-0.11455204835002
1,-1.4617923640548027,-7.174271908681879
1,0.463496045458286,-4.183322724287515
1,-2.4462694329771475,2.7054635477570246
1,-3.5543312236670808,-3.3104647777396696
1,1.932298879544998,9.334312292182144
1,-3.4415614094628104,8.862678440372203
1,-2.715272339914822,-6.127139941717355
1,0.559840055252167,-5.277830161765021
1,-0.6918374188505293,-5.275823759236891
1,-2.941411969887296,3.772340607295837
1,0.013620591051665505,8.51585935198033
1,-0.25778665065852513,3.2551228837765014
1,-1.896644489992636,-6.388704134641332
1,1.4033049733932235,9.018003462899594
1,-0.9249871578370672,-7.951670314812328
1,0.8088137839219056,5.931331129569461
1,-3.385478396173984,6.732149448972432
1,0.2830251930086539,5.628599747862518
1,-0.8348520545739828,3.809443910714756
1,2.2445664571835984,5.129122729616927
1,-2.2918374468778397,-1.7408601569929132
1,-0.561842564007141,-3.4348757466126796
1,0.27701597509606896,5.271564525192494
1,0.1301956345203482,4.907278997651891
1,-2.0200294886706183,6.9696567345920375
1,-3.5581360939498796,8.222879053122513
1,-0.6073107201331005,9.30058418640214
1,1.694141603456235,4.570722077895573
1,0.5828752070041447,2.545187344481262
1,-3.0013016094885123,4.535746760914412
1,-1.9276913303624412,-6.446979990977965
1,-1.298747584264571,1.8459782881092357
1,1.3396094893688846,1.9309509189779863
1,-4.056683906421886,5.853512249422464
1,1.5186785393404965,5.543630455382984
1,0.8795190133418199,-7.636067452438449
1,-2.6998497409376156,4.083221511794199
1,1.8938416500993493,7.142970984436865
1,-3.408912476826209,3.493282820746307
1,-2.4206301778174737,-9.956530959476217
1,1.9589386857219573,-4.273679312274624
1,-2.62133115512508,-7.346319828879993
1,-1.1371051359611064,8.541887973110503
1,-0.341912426254362,-2.7326570900590177
1,1.330194993995385,2.3456433475147604
1,2.217926582120038,9.28676114897933
1,-1.765247839218808,-4.916885003400911
1,0.4799203391724938,-2.407099224461113
1,-0.643765809927419,6.092949212168478
1,-2.8372549268535345,2.6920939444492498
1,-0.9510267988184715,4.442987296821532
1,-1.415924338031243,-8.690936959696778
1,-3.9353019043474595,-3.7042797565399352
1,0.05648448874427298,6.923312166337914
1,-0.17466171554332438,-6.686613379547949
1,-2.13580279310633,-6.371643104463663
1,-0.04566813922989548,5.510145102240521
1,0.5834752892525557,-3.9087761720960685
1,-2.639960023917301,7.632020605734502
1,-0.6321476036621497,8.61864505014704
1,-1.4211307349247047,6.234473260878634
1,1.5016531755067364,-5.761188512976175
1,-1.4872301522271343,-8.222360172856366
1,-3.3958932113671683,8.271694555261627
1,-2.0406604935681747,6.563889974766842
1,-0.16104124737629902,-6.166998565309052
1,-3.1270904711803102,-8.481765059825511
1,-0.850074591106836,8.054885846175218
1,-1.0569852137168028,6.731441167305319
1,2.498548555207194,5.679439336588503
1,0.6555837804683247,-6.185873785339516
1,0.7403105145383196,-3.9147337881549156
1,0.6321480356599765,8.587168914866185
1,0.8687038741815096,8.966015926013176
1,-2.1293942696117223,2.2250408525329477
1,0.0608912973239864,-9.065984267436288
1,-1.3502251742002047,-4.915775832498219
1,-3.5931892447896385,-6.895224067801872
1,0.37376087053336304,6.106841411845505
1,-0.06169190979591248,9.722606293989209
1,-3.1415116914165346,9.442901334060904
1,0.030246325356790022,6.025452399614327
1,-0.4767141150046338,4.930502887120045
1,-2.618527748478686,-6.168835401109933
1,-1.272908975399888,-3.084857046077828
1,-2.491936970877897,-5.812187424873927
1,-2.6972449118898756,-3.199465957998883
1,1.3526291741663425,7.607555240666767
1,-3.990185353127084,-5.146244861788175
1,2.021832663791751,-8.986442998599665
1,-2.426439136302118,-5.087101611784931
1,-4.013019244821075,-9.394593594484208
1,1.4187278280563147,8.807619001231167
1,1.0756136254029094,-9.07476249330758
1,-2.76013972254019,-0.48574777377875544
1,-1.0748116350032948,0.2661576921262488
1,0.7146729549724005,6.526102136493848
1,1.936905357465657,7.067761093135858
1,-0.5197792342017232,-7.668871689579075
1,1.944717861167832,-2.2322107057797695
1,1.684927616542646,9.778998371551777
1,-3.5699540867590156,-5.758561402670638
1,-1.820730225656948,6.193654936798083
1,0.2768152516390201,-8.18646362560832
1,0.8028045577947043,-2.276677775310275
1,-3.40350492758872,5.838924801552707
1,-0.39799646561685004,8.563595175590818
1,-0.6163241061951407,8.584396830523854
1,-0.6507750726172772,6.7447491432333395
1,-0.25117616053255126,-1.6738212775370063
1,2.0789191123374593,-4.885213525332181
1,-0.2611920526207735,3.2515245454201915
1,1.2640961401057942,-8.42538543200815
1,-3.175763285216266,-8.961120730122156
1,0.26960493445891326,8.852401156589416
1,-2.8709060295343347,-4.627332594386922
1,2.0851274180715573,1.0084471302718268
1,-2.9926886043005094,-4.4739087907514286
1,-1.9196785938212182,9.658604662833934
1,1.8273406078167864,-0.052092446427188195
1,-0.44286402251918583,7.893747424342762
1,-3.017125174378116,7.854893054071236
1,-3.7638446315296314,6.955299022150729
1,0.5736610281750467,-1.2482259696301763
1,-4.044467007545899,-7.702071697685451
1,1.6634956649151558,7.843305989539621
1,0.7028544306769172,3.240109996323399
1,-3.8297441864743798,-3.978795532323172
1,-0.8552823473882932,-4.435517976859514
1,0.6868311136051739,-1.9059812981527184
1,-3.458386751937201,4.040822449183503
1,-3.8665994243758934,-2.884024840375002
1,0.9750633520048517,-2.0937562065558204
1,0.32528805148622053,-4.121534839869165
1,1.8896353149687268,5.972616010545433
1,-1.0563847225954655,0.8218632595961282
1,-2.6015017501551188,2.878932213573449
1,-1.5142703127753807,6.037611119189909
1,1.1260901384635373,6.131522080715918
1,2.4238365091686416,-3.1296056786570343
1,2.0064092760661008,6.127803346279395
1,-0.5117673820219248,7.297822425703347
1,1.420531639627269,-0.03503695772395871
1,1.470004788262251,-5.690195335138579
1,-2.2307458631151524,4.748763545757148
1,-1.6398593860999156,-0.0076164350572522285
1,-0.8867296825682912,-9.161141776377718
1,-1.6600897234105707,-9.858573481166697
1,-1.051976977641527,3.95477097037313
1,-0.006209708011733357,-2.410446680703522
1,-1.09664480429051,-3.531075558512291
1,-2.081923010936369,-1.4436411541546394
1,-3.780671193047012,4.254479480942995
1,-3.0561843270296962,-0.08262304684588112
1,1.0844269329046619,-3.494332690227771
1,-2.407410391157682,6.504550404323967
1,-2.0414623890108006,5.843122955768765
1,0.07991995763737136,-8.393654409638813
1,1.7948926482880134,-8.888752027159654
1,-2.255782833084351,-6.451656220577241
1,-0.18607859787972317,9.547195241278095
1,-1.168151750086787,-9.310452632391897
1,-1.166149000928935,-0.3371162800772279
1,-3.282323560136723,-3.2580149193130237
1,-3.8111161648079457,-1.478676959405692
1,-3.385878999242879,5.449679203548006
1,-2.9315975385880377,-8.422022280166141
2,6.703655639000433,2.3472908064444633
2,2.7278927608508416,7.145294515526506
2,4.747120795909834,-9.05700016196503
2,3.517075534625552,5.470922148838196
2,7.557536535960875,7.051275658647237
2,5.471006800389502,7.461043637816335
2,9.495242143656071,-4.747282778313205
2,7.463995469156052,5.407200425092957
2,4.608713037692661,3.5145725277808366
2,4.474311806648454,2.2280536911253526
2,5.687931776535839,-4.9611183288673555
2,5.615422620545895,-4.649523282016046
2,2.9087633472474788,-4.503162282503596
2,6.555433244236476,-3.1189693439211963
2,3.215222818712997,-4.152967862747808
2,2.837056335056399,-3.6158027701809696
2,6.832849562748875,5.60514209810579
2,3.6156237695009956,7.1348171544247165
2,4.4048073016049925,-9.870072099519241
2,3.8557837456895663,-5.874447654852387
2,4.278217373693829,2.0249002174215427
2,8.728292665999613,9.833401982155419
2,3.3416131568478438,-4.599458212222164
2,9.069404430921916,-6.4651222415084355
2,3.8621934004865324,-1.775335436580993
2,2.926589505597633,-2.06194345072004
2,6.388783758012692,-9.81601485654068
2,7.993189895404108,1.9702013617877656
2,7.269905524180521,0.955565999243636
2,7.42894386018592,2.6010234752502956
2,7.79308898099981,-1.829388710760776
2,7.151927624549306,8.859562976975502
2,4.535203085401116,5.442497937060072
2,4.704256336122739,-9.052350128785607
2,2.9510266581305475,-4.854888748350028
2,9.695543473820868,0.6398288707410367
2,9.948323029619768,-1.2383897351934294
2,9.364646760937347,-4.4490155952293895
2,9.050776513134158,8.602679752630085
2,2.962443257581274,6.120017349461273
2,8.661392640907678,-8.998611902224999
2,6.937006124188993,-2.941105269124316
2,7.9509261595684535,3.3223593065874724
2,6.0707062689909135,4.145231678011068
2,4.472308380115062,1.1613506472865984
2,9.871407159237492,4.441470695117708
2,6.12598917945053,0.786362748011382
2,8.409814817744232,-0.8104992479427113
2,8.075713421340692,-2.7597627570145025
2,7.167150515116077,7.5581368150806725
2,4.383174592844698,8.276168298873616
2,3.380070375219147,2.255677550848673
2,2.6800206567760685,-9.746355614855027
2,5.658287150932376,5.86098936825067
2,7.824537022262514,8.327899546259594
2,5.004907693197096,-6.71453560172456
2,5.830545467511883,9.996206333486978
2,8.034451110662737,7.598363660930204
2,8.446069594535748,-8.701097417869605
2,6.021833277168813,-6.262702302991829
2,5.643264812036545,-2.6702807541823477
2,6.372759740986717,-1.995486936154377
2,9.899649996495134,-0.9606266006050418
2,8.296644544524028,-1.3846832410707248
2,7.097646680071628,6.455012155259697
2,7.044967589528907,3.585740867251395
2,3.0511774554656226,-7.990198148471468
2,8.509564927493157,3.2594204927855546
2,5.657887050179863,-6.6985900282790425
2,9.367250987882365,-3.0468793960747904
2,9.002703811739021,-8.817385747361598
2,5.036755547698169,8.70918360694326
2,3.3836750587752245,-1.8270660813335386
2,6.407411477599869,6.030830768274583
2,9.911666913107398,7.88026980657927
2,8.207911367703927,9.087138228404935
2,9.782073276367354,-6.035636455525171
2,5.193590688263647,9.019729826405607
2,4.240160360474254,-2.0861090294181337
2,7.574361194008048,-5.607838417781535
2,4.676815461650036,-0.20096314714960972
2,6.8124180135396,1.7237794968472757
2,6.75873810385125,-6.167616985943224
2,8.84747148022104,-0.28592979740279306
2,4.151426914282214,3.402193204022001
2,4.484527005437053,-2.488302147675297
2,2.8390583856275793,-4.702786819477935
2,4.264597331067935,2.3092596270361763
2,7.137505720489729,1.2514297034389772
2,6.7805711083939695,-2.3353863719567984
2,8.610315515551443,-0.9221496215687046
2,4.360340441755928,-7.811197017629658
2,9.868002017189362,-2.609397790257867
2,4.2832244368534855,2.3293866797728966
2,4.3657490037927795,-3.541039255129008
2,4.799398588797398,0.5706036997660573
2,9.496245054695079,7.326570464061716
2,5.714171219564978,0.12436566753955343
2,5.572158234972838,0.1459950856236767
2,7.650275573808458,2.1747842126694215
2,9.854381474476977,8.155195817433784
2,4.990486164338049,-7.530904435483358
2,5.398898466407415,-1.184433964771783
2,8.848673131139856,-9.635745802414773
2,8.642363559701838,-4.804432249896346
2,6.975262479344369,-5.794712514267686
2,2.8999500624278873,-2.6644701272489058
2,5.626239617542965,7.5200293804117715
2,6.616524885382966,7.047080468037901
2,7.4359539301012125,-8.359025251649006
2,3.0645972584780448,-9.199232544366637
2,5.769253783393922,-4.942351669897396
2,6.58668014393522,-0.8007422790223203
2,5.917676457710612,0.016358297594515632
2,4.163044951313449,1.9574955102048737
2,5.436354628100598,-8.069456150552094
2,7.320180298601559,-7.878737984970967
2,4.597697471097114,9.207881580547989
2,5.853580630734262,5.456995461584865
2,7.3554330182112695,-2.1721959794239623
2,8.630545341941477,-7.35799633441579
2,9.725788625914793,4.661569438064524
2,6.4354534180068415,5.651518365852815
2,6.174661868835447,-6.725921164432926
2,2.872108388596995,3.9013097692576637
2,5.051778416081827,2.3442258461742047
2,9.375863989039516,9.823720471895982
2,6.904957457747598,-7.400009550107158
2,5.772458052121272,-6.435182754820884
2,2.6493747845858326,7.489922348512126
2,4.7341015052243804,-4.7347139039686965
2,4.335302889283195,-4.458754829454963
2,7.667902573507313,7.0132973324739485
2,8.284026133022934,-1.8983613071509875
2,9.423936040432524,-6.734503215937743
2,9.731195996556526,-8.018674002753642
2,6.1766650457809416,5.910564732668964
2,8.570856403102573,-7.63276442599393
2,7.698146457953226,-7.614081260171719
2,3.5981982415595795,9.41659221213448
2,4.659790454797166,4.065830408697999
2,6.46449731089635,-9.579011711996845
2,8.879919873463999,-8.065491559901766
2,3.756034635253301,-2.5087533071483374
2,5.584376802532754,3.1687006081065516
2,5.179569479452391,-6.576523065258477
2,6.233149751762927,-8.14867873891103
2,7.932097875737281,7.838032938121252
2,4.292839853539319,-6.678531746969041
2,4.013020389535405,3.4328871515129826
2,5.797296197427106,-3.7155733370782693
2,8.198097240048538,-8.919069551405187
2,4.5502260723187185,4.2450632408584585
2,2.9644467461221615,2.4098982075530486
2,9.224036039428194,9.284057767397323
2,5.597396823875694,0.17456671308078778
2,4.193691063777761,7.398437987453904
2,8.839057904139274,-0.15240055837648403
2,4.923184392862064,-2.8700145299704816
2,7.033951109463853,9.253993661747653
2,5.940510757985003,3.0076909799906524
2,5.065798720850709,3.404256231231589
2,3.0207311907115266,1.3400004243119366
2,8.615322952643378,9.8494969974915
2,5.448572425580532,-6.865219966046327
2,7.932499006001196,1.8531707005491314
2,4.173060105721691,8.77939079498628
2,3.662694795351815,0.44443780627402896
2,8.731697730940578,6.847124101292503
2,4.985879017372112,0.48782512435249437
2,4.230746242774546,9.270778216547402
2,8.673009836100732,-6.89044898296102
2,2.814021251232458,-4.985778905614451
2,8.456083969977993,9.624114471032684
2,9.90285429541484,-8.513527203784776
2,9.436554746069538,9.475660270860462
2,9.473410725313586,2.1468329486018
2,3.3548331404738145,9.305071572635917
2,3.4333494514764054,-4.333307066336861
2,7.53510286430169,6.148874622273252
2,5.932299135185456,-0.6362151431367785
2,5.687531821431893,-1.8864681001095127
2,9.3480219951585,-7.880401944642219
2,5.006710790218275,-4.425220032914693
2,6.9077621564451155,-7.910478279795682
2,9.100250141221428,-6.344714245950127
2,9.453981734614883,8.904799530658147
2,6.0584876860569725,-1.2532453114938022
2,6.863495470309385,5.850480039957365
2,5.1883828628958595,8.320174303034573
2,2.922985043160062,4.893483218410337
2,3.8838262803056316,5.824735164457732
2,4.324286929124972,7.479705799890378
2,3.372659126851906,8.276761175183868
2,3.557335872073798,-8.522967369529932
2,4.7026537379631845,-5.913078771064239
2,9.78127159400702,6.1234636458468765
2,9.789083575560195,-8.174676833374772
2,3.3736609124821375,-8.433350275343498
2,6.513771187465797,-8.902376465424764
2,4.614321579703404,5.6150176818091895
2,9.66069087257028,-0.37016601816078815
2,3.457586332118324,5.254213044841367
2,4.484527121468123,7.447635084746231
2,6.115172812736332,7.588072403082392
2,4.095143056468879,9.12194525633116
2,4.2778169554571654,-9.382441074897542
2,8.622133221139906,-4.996975115530937
2,3.4091138091373,5.912944127262411
2,7.5030540409521596,5.43716931318697
2,3.6624943990819525,4.194392377228226
2,5.2989489125108955,-9.469196317897287
2,7.719779548367844,-2.5508021871516084
2,5.621632452341423,2.8119034442967172
2,4.669403861333009,4.158549389705878
2,5.721782210174485,8.585028305715063
2,6.8012019187273856,-4.083575412930975
2,8.61091669593386,-7.660187920258101
2,5.507060803380842,1.5725651732814705
2,9.567951471255942,3.6552523001322785
2,5.360640782280015,-8.41772072768688
2,2.589084294094637,-4.78170768691875
2,2.5602402255933567,-9.009646857507708
2,2.910165618269631,8.524208752631292
2,7.886830330384957,5.982170042892857
2,5.015924154459083,5.148697944363441
2,5.696144400447346,-0.8082557180933932
2,3.309163686947169,-1.6268910294127024
2,9.996594661591256,-4.9426630337295405
2,5.997796865828417,1.6524031021497103
2,5.9737607134403,-9.65099130074005
2,9.373460376192817,1.2430636789103906
2,9.685928486453431,1.77032953579389
2,3.1328999374811715,-2.6660456894497937
2,6.619529503694526,6.335287405421976
2,3.19198779770961,4.001887620110905
2,3.168553180263142,4.47620870321846
2,4.780971441175211,0.11867019653913509
2,4.033450559386377,3.3439503217554982
2,5.354631855913437,-4.159512352852106
2,2.734301668081094,-7.059536558297379
2,8.766550052654404,3.230056796085074
2,6.7012525644278265,-2.444030209085941
2,8.41382089917503,9.607507328901038
2,5.735003257429474,4.825768723207173
2,4.1195799992606625,-10.0
2,7.668102373442349,6.8486562398996735
2,6.908163083921711,7.819042033751429
2,9.619228809812594,2.2908670510098825
2,7.84416621277876,-1.3967922752005772
2,3.306559982052917,5.301782841966179
2,6.238558062468603,6.130872641335384
2,9.462994618437804,7.512079401174561
2,7.68793263974314,7.028769140491111
2,7.713970451036032,-7.772640443322427
2,8.157836957223553,7.634964156239618
2,6.965447643019566,1.8152338567109931
2,2.605508217892104,9.229371228269823
2,9.611417097256071,-4.694408650874947
2,5.029544934837383,-6.519051532125332
2,8.579068607122087,-5.010089237832192
2,3.7720578612423177,-0.4792122961600843
2,8.1051576668323,-3.7895059308860226
2,8.561643098443998,6.451896821045023
2,4.296245017624599,-7.59613015564566
2,7.209013086684909,-2.884387621853501
2,10.0,-0.7443833472495561
2,7.807711458237144,0.6128387045307053
2,5.336805266906307,7.771679316063749
2,4.0304454174260815,2.474919645617715
2,9.849373371137588,3.4130208062015504
2,9.382874852288772,5.723972231283495
2,5.603004858920376,-9.054602791223394
2,7.175763747354269,-1.3059930747758526
2,8.9654487650806,4.854574769402637
2,4.464697081747817,3.006238255669986
2,7.219027935195883,-0.3721000118381513
2,8.429844714011947,-9.685354638619518
2,7.700750967058979,-5.741824012915211
2,7.289133681810945,-7.990980864371435
2,3.576965949987028,5.1983655623014675
2,6.574261828850831,-1.7797272030889006
2,7.0353536446160545,-1.1557446692417463
2,3.518678761958398,-2.422997875417985
2,8.738908600133382,3.5319127218552904
2,7.5046576318858556,7.914626673227831
2,6.704056251694156,-5.80529550466934
2,8.806810201117216,1.8922586962311823
2,5.17616453946164,6.056500495927202
2,7.937105468838163,8.545465026698315
2,9.189984434237287,-8.663511050016817
2,4.648973651103454,-3.4872237604973244
2,8.85688594625681,-0.7288231056292286
2,4.167650859499255,-8.880911577814457
2,7.551126582425611,5.8231592536343895
2,6.237156031025566,9.137815322454998
2,4.739509505433376,1.6745476920071882
2,5.692940018500139,-5.2296561406027635
2,4.93159790088581,7.102839679376362
2,3.6843266039316322,-8.07558766014483
2,2.5708563488591034,-5.649348999971452
2,4.375163338180432,2.567747650336131
2,6.1013521474208705,-3.6041292687682445
2,9.484627462390693,-4.911533859310157
2,6.744717117942508,-8.965439584914863
2,8.996694697542216,4.459371926204448
2,7.416325010770028,-9.488865020201143
2,2.744916999309547,6.82703332127649
2,9.537706687805853,7.120459054900736
2,3.5070610213083415,-1.160201466119506
2,9.423535598641093,3.3102802195098127
2,8.7246871021969,-0.1307228563003307
2,8.305858717278092,-9.778966345762326
2,4.56765121151123,-8.473831165638789
2,8.776764636651384,7.464868192978433
2,6.723684910643652,-6.342934062845432
2,7.7434152287816165,2.552557417984368
2,5.585177763732565,6.985434023273126
2,6.991887861033699,-7.657788517562217
2,6.440260916441299,-0.41087996213263944
2,3.8651974908051874,-4.988244015393111
2,6.775963867031141,8.30990309541711
2,8.518978851294806,0.20676765185295934
2,5.024737768485519,0.07653648197785179
2,3.704356817373722,3.55280026897451
2,9.711167331618247,8.114852806317064
2,6.359539475608373,-4.305256704671465
2,8.888332133714497,5.183144159442168
2,7.5685528452505055,-9.458421082592986
2,3.3412116638890947,-0.5187140187553554
2,2.9568361502151195,6.639440571621762
2,9.526890160995896,-2.35129363941259
2,6.331497272550066,0.2895221876168888
2,6.704055956371871,-2.775275733152915
2,5.1062600517038765,-6.683040685875206
2,7.327390824424789,-9.71374823800191
2,9.028142705723738,-7.011963265717584
2,8.108162041368097,-2.4402650641706742
2,4.87170788595968,8.042757521755822
2,9.119678919346038,3.814221941590896
2,3.664697755906186,9.03925263298708
2,5.3614418092652105,6.307567845264523
2,9.732398628500878,6.742625740001913
2,7.347221036201613,-3.7154572910525134
2,4.763545435656565,-7.675151284488232
2,7.607611426206781,6.9985585675415845
2,7.3297947325666915,-4.716624311296269
2,3.9296941240331686,-0.47009491270258047
2,5.709564196202219,-5.9261099045664904
2,9.065598295057407,-7.457416441963405
2,6.814622144128173,6.13344435422345
2,7.165348119424945,-9.806502930899846
2,8.726890516529275,8.913674326525994
2,6.180270132097022,3.6488758202677385
2,7.735803147620242,1.4078217758040195
2,2.6758134055379212,7.321415127457711
2,6.1257882092605165,9.395497040988843
2,9.464796616452363,4.2306807491022616
2,3.3806712015610656,5.467011282563361
2,6.060491371840988,0.07028848192306296
2,3.3372063957662577,-3.27395644321071
2,9.208212445913887,-5.305530640860421
2,4.512168360510506,-5.587898677749094
2,5.303155409240028,9.663761463043524
2,6.222534096270938,9.825922836716911
2,8.209313403625295,-5.458151865371787
2,3.995393420345275,-5.022418528627924
2,4.470906704391813,7.654034351950482
2,5.904457227892109,5.375173258501126
2,5.67311022616901,-0.8068882532699135
2,2.670806183303775,-5.630284217167025
2,8.385377684172154,-5.417289581923247
